Time (s),Roll (째),Pitch (째),Yaw (째),Altitude (m),Pressure (Pa),Temperature (째C),GPS Latitude,GPS Longitude
0.0,4.754260094581079,1.8323331245895962,2.3706836329143597,499.7244767894407,95309.90802150212,11.70480098681585,51.50740462701621,-0.12680291602240232
0.02004008016032064,0.4807368137692649,-1.9725498611534544,3.465423614632011,507.37742221979823,95249.0799488249,11.112803633243972,51.507499447919194,-0.12683368809889106
0.04008016032064128,4.407491398194622,2.40121905029923,-1.3886697756748698,501.0578569205177,95327.69230805826,11.43868634264494,51.507373640070135,-0.12665707769324225
0.06012024048096192,-3.3005321860143457,-0.21754905793575574,-4.328146378156161,499.7827967346646,95321.98876882078,11.655667849325743,51.50756497115043,-0.12674798746802496
0.08016032064128256,1.9856773897183746,0.9314103902165061,-2.3937984834556425,500.3013553599777,95320.19975005671,12.10989986832881,51.50750697932284,-0.12683736389901853
0.1002004008016032,4.242388713933595,0.0898100865741811,-5.568157867901576,504.62735200962493,95261.51622867845,11.885659147824915,51.5074595653548,-0.12694618944298433
0.12024048096192384,-0.984159015575,3.385552237225512,1.7257103843918233,499.6900804710187,95331.19463411481,11.583123822831766,51.50739667008095,-0.12670202678215564
0.1402805611222445,1.4901901801794635,4.854033702929443,8.219890336322166,502.0212372945896,95315.42009122946,11.57917452011344,51.50753146097755,-0.1268525105619732
0.16032064128256512,5.3543870613143225,2.896348759554879,4.801227676364251,501.9795812221836,95318.77768205297,11.734115842265679,51.50742731362215,-0.12670350150144147
0.18036072144288576,2.2122558642130654,2.7055397555029823,14.61978907580459,508.1104752871677,95248.2475600929,11.402730302335808,51.50750464819914,-0.12690793152048982
0.2004008016032064,1.0727758136493746,6.426661833618723,1.4040831213183584,508.71205834179034,95248.19885578631,11.619060409131759,51.507528261683696,-0.12682622533326993
0.22044088176352705,3.825506179944323,4.965291050485108,11.175392717569473,511.3220597587113,95179.37278057694,12.799883648212383,51.50744808962031,-0.12681667514262707
0.24048096192384769,4.360361344394668,3.722915258843377,-2.1303597671988017,509.03948488262193,95223.94844194238,11.356012272565534,51.50755056066447,-0.1269322534091691
0.2605210420841683,4.513076358600936,4.448042993931737,10.64663644422119,505.6693237293314,95267.72957808284,11.033719268525218,51.50743893006837,-0.12686106659524513
0.280561122244489,5.692540841667715,10.32759724518299,6.219185664290809,509.8443647462955,95168.79931429653,11.817595407494295,51.50730074935922,-0.1270005026734299
0.3006012024048096,5.1670865062464975,4.961684808265561,9.066457437855771,513.3650296067023,95155.59569765296,11.845585795639135,51.50745020676498,-0.12685309252663576
0.32064128256513025,5.730303189521057,11.47712454886371,8.587706748442322,512.1233106807877,95173.42401887284,11.328977914817692,51.50754418422435,-0.12676273414539457
0.3406813627254509,2.6657742789455536,7.697802744480469,5.629632993169151,513.3884539968002,95176.64323491244,12.729003615330662,51.50733142630516,-0.12664755480635512
0.3607214428857715,9.755991458660757,7.116205558539271,17.299099242468785,501.62787240779465,95308.5086467029,11.427689776379687,51.507445853494055,-0.12678177553509876
0.3807615230460922,9.171639019502141,9.56261445104231,12.433934018511806,511.26366755972936,95176.88297613228,11.737466383091482,51.50740313086249,-0.1268805585406623
0.4008016032064128,8.780043708468899,10.655607926347109,7.277985114828877,516.0503888881074,95117.12361733947,12.0364568061431,51.50747027617777,-0.12665714479953774
0.42084168336673344,10.626599958283792,13.451022949708312,12.798096943809824,504.99664927726286,95224.01059744233,11.930506571450456,51.507623625953386,-0.12690082994439975
0.4408817635270541,8.683308649202715,11.784572708183417,14.608916011637504,512.6214063925573,95134.21034737742,11.228539899213224,51.50747307831463,-0.12697272205860854
0.4609218436873747,4.7306055616621965,14.023024308911118,0.86150509067215,503.82615876276583,95294.78354151238,12.397954076401215,51.50758203624753,-0.12682199776761088
0.48096192384769537,11.964290747887663,10.726896434356062,8.088100349022795,506.15474546655884,95257.6973994471,11.860200056418687,51.507460901626686,-0.12681767882175282
0.501002004008016,7.077609965675114,9.57187616056534,3.888833953448281,518.6705085202917,95086.55760640997,11.799390979487564,51.507525141029156,-0.12663403477471705
0.5210420841683366,13.520661842700944,11.032011310437301,10.340969557922095,513.0407460336339,95148.66086177496,12.08713341343518,51.50745244804728,-0.12683369614228793
0.5410821643286573,9.579963515483366,11.529874537651592,12.966736555368163,517.6489964761811,95124.7719614945,11.86548429668258,51.50748132905693,-0.12680887352722403
0.561122244488978,5.357073301194934,14.83130858603627,5.715433026694519,516.5582320470876,95114.45867908417,12.293795724615268,51.50768365755553,-0.12682793010652277
0.5811623246492986,12.583188120210702,15.843436749091053,17.804300456288527,519.7740405842118,95086.21901876086,12.321588114128161,51.507666306054524,-0.12675824847534234
0.6012024048096192,10.337742715049297,11.706913512009086,4.847755839141719,517.0277035230719,95108.09265260145,11.272646729967079,51.50765461738632,-0.126751372760551
0.6212424849699398,13.275124774672424,17.706436604868035,16.43470114326322,511.5223653821554,95183.03364953148,11.616782823193398,51.507503303801855,-0.126786465946907
0.6412825651302605,17.09699195738513,15.454201690051908,11.970296035472774,518.7896594536085,95106.42289029217,11.501481755272051,51.50760802071572,-0.12687914406617345
0.6613226452905812,4.829980378781311,11.241315950800816,4.713125794531118,517.7390488632624,95116.37221663556,11.171838247090319,51.50764538129444,-0.12685398076111473
0.6813627254509018,8.99855809644643,16.57207523348462,12.389169685640214,516.8313690583454,95133.28558241409,11.802403119591071,51.50757823645895,-0.12669223958444883
0.7014028056112224,8.47430121026441,14.070260668839667,10.520677383184266,520.9874208099883,95090.36105392828,11.50432375850089,51.50771357829017,-0.1266830174741
0.721442885771543,18.84176641705418,16.721640729790042,18.46582577740833,517.5299149574703,95135.10627546505,12.248160605984364,51.50750779537103,-0.12684483184126663
0.7414829659318637,11.401758692229732,12.783429129793738,12.405151529641628,529.4616394389242,94944.24565161757,11.08965597678686,51.50764176604635,-0.12688442401328942
0.7615230460921844,14.569704950281835,15.1272108070848,11.74642094638939,526.5819939109683,95007.70585159652,12.152358869642914,51.50751151660381,-0.12663523779367689
0.781563126252505,24.63523819151105,18.54377566683742,17.284772491114634,522.2244811075627,95046.51978539136,11.91778040942226,51.50776452229953,-0.1269027760737652
0.8016032064128256,11.440139824521289,19.241229316287757,17.977246669144026,538.7215698119576,94859.39134788793,12.121127335322821,51.50767231527374,-0.12696029758565688
0.8216432865731462,14.482593802501889,18.6418799592933,10.797648904466328,529.7993059689852,94968.85180766878,11.363169918209733,51.50767584213663,-0.12684730135748035
0.8416833667334669,14.233881734073869,13.250526466941531,17.333924035916553,519.977389740041,95067.256979234,11.098433344153781,51.50768349564732,-0.12669795947457016
0.8617234468937875,14.767017469227731,21.65827565265657,15.246977357876522,538.9284546946648,94831.9942900329,11.360027270318568,51.50758368083284,-0.12676368695911278
0.8817635270541082,16.838230640173535,19.486376186384412,17.964057914705904,530.1396224472002,94946.5535361729,11.45679506988861,51.507747460244715,-0.12666000187606147
0.9018036072144289,14.585854667643726,17.76156833920103,14.400109978354205,525.4675504079572,95013.0714641693,10.994829085387199,51.50771181774056,-0.12679168870772045
0.9218436873747494,11.119220694539862,19.33539013059273,26.70028354598937,517.8554673370131,95094.86563246825,11.26473768662244,51.50761488030626,-0.12681014678088648
0.9418837675350701,17.226777820142058,20.10131650432655,16.63174811864306,528.5512042448198,94985.76271737268,12.05967291347009,51.507753444682564,-0.12680123990877495
0.9619238476953907,22.67354511090771,16.173079472422838,20.448700861453464,528.0608559862343,94995.41602044896,10.632803164944926,51.507732648044005,-0.126718221710179
0.9819639278557114,16.19407641190623,21.011084389370716,13.553916685068835,530.6004606199865,94944.47910256204,11.947230212039063,51.507621721277,-0.12678471932190002
1.002004008016032,21.1046133921809,19.120230161871028,23.43399744647296,530.8043319030336,94923.87635522253,11.934249390919707,51.50767191576555,-0.12688114263324318
1.0220440881763526,22.09926747398327,19.461687022724767,10.441702473924833,532.1105310085815,94976.85728546485,11.360908921793364,51.5078712637313,-0.1268248993161861
1.0420841683366733,16.515470693661612,19.658972142714667,19.594946512435456,529.8250713281011,94935.84837201245,11.127701556010628,51.50775852957472,-0.1267669479524471
1.062124248496994,13.343373134677732,19.927979002239557,16.48268412828895,545.8920013345356,94762.54492106085,11.632651994778673,51.50788375254856,-0.12681399492014717
1.0821643286573146,24.867412619891375,21.853497075661686,16.93635795436052,538.8422612976062,94849.57617467968,11.31842508027757,51.507639462289184,-0.12676886451144234
1.1022044088176353,19.84477544121444,24.978325368294605,14.853533977862426,529.9502414021847,94952.0151560223,11.413450195951693,51.507836591999286,-0.1267108011581279
1.122244488977956,23.05251414440178,23.587016975135192,23.660493591038403,539.0629813463064,94832.19573922768,12.209323171859888,51.50788619376809,-0.12686642300941747
1.1422845691382766,18.32420743358649,20.699025047549373,23.540706518724463,537.4517325038717,94864.29236824423,11.019140840287251,51.5077177441091,-0.12683940919124986
1.1623246492985972,21.68564133552688,24.649825469115562,18.56571872562462,536.5851228908217,94884.10553857777,11.499849502529445,51.50787334280816,-0.126709172637703
1.1823647294589177,17.90272014809744,22.566142530263047,19.89301290225034,539.5700631206648,94813.06668308332,11.638424790822432,51.50770397646625,-0.12684435588514142
1.2024048096192383,13.480603736406696,21.673542436921807,24.92159796365984,543.1006883169165,94803.35774479895,11.668846459379452,51.50774857277385,-0.12700095970766506
1.222444889779559,20.44560496153261,24.17586831436106,25.98757701625972,539.2188404563135,94822.0342670269,11.558962062348423,51.50774718716797,-0.12700274015949214
1.2424849699398797,21.023185465857352,22.34129750359074,29.63789315456312,534.0833266072465,94939.26515080039,12.700858412269817,51.50770953402945,-0.12671775691208018
1.2625250501002003,19.701482361205038,22.381743098675088,29.848070271367607,541.1953781950394,94820.86421479905,11.5537790344205,51.507807078047264,-0.1269769241560807
1.282565130260521,20.446970803620463,17.85751329955997,22.900377050118227,535.5188982737264,94915.63595141422,11.625949563322632,51.50779113372343,-0.1267185223550457
1.3026052104208417,17.932073869078533,24.471335218321958,23.294622564596917,536.9722425655341,94888.48882687224,12.225360004853147,51.50795030686916,-0.12679459296333276
1.3226452905811623,19.745159902680985,22.14330995779097,23.579969181648778,541.8612526884353,94835.8003902689,10.837752683531562,51.507652873250414,-0.12694167370377768
1.342685370741483,20.247923816807848,22.28378570728004,26.303118676734623,538.9041198986228,94865.25770939172,11.648170410835238,51.50781293934564,-0.126901933464564
1.3627254509018036,22.827605927039126,26.83898019198783,23.49473083529607,543.3082358427978,94818.24455763405,11.793673255015301,51.50794579399918,-0.12696839396610604
1.3827655310621243,18.552814159491327,23.38165446086643,22.869527106669743,530.9813212268302,94949.58092230285,12.81302768501115,51.50785544397856,-0.12676547945557656
1.4028056112224447,24.450020292975022,21.878673991952645,25.49727890123598,539.9308704414381,94840.23641782699,11.21818494386706,51.50774539853218,-0.127105734173824
1.4228456913827654,24.23502469240291,22.446724461586506,24.144891442019873,548.0865343971556,94773.00100419622,11.00773873762707,51.50778455678205,-0.1270245735744398
1.442885771543086,25.53678775131972,24.24589327939557,29.85997908355222,555.019930113054,94698.84222139024,11.67204624299247,51.5077600466853,-0.12673197688723756
1.4629258517034067,20.31964079770939,24.76297331625495,28.06353853729407,543.3111824633046,94834.51731952162,11.3839026287582,51.50779699519008,-0.12690973242797196
1.4829659318637274,22.89722535233878,24.3279656524652,30.31717752304803,546.3741548271583,94746.86161669827,11.553804002733413,51.50786886352596,-0.12687352656673445
1.503006012024048,22.261014819604743,27.507393920828655,25.696542835496572,544.1375876152501,94810.5254658057,11.868831918130883,51.5079396395306,-0.12686459801667693
1.5230460921843687,24.87861645877923,25.129171199046702,33.441971986368365,547.0298617417764,94762.41995566421,12.315158951732814,51.507820560146726,-0.12686014221771363
1.5430861723446894,22.253092269979035,25.622525107797543,29.29225729201699,544.2975956172955,94777.50006106,11.031900387836568,51.50787663318211,-0.12691676245689393
1.56312625250501,32.573080552949115,28.127866201396227,31.06690354506848,549.3110018516023,94710.11696747065,11.550309289953853,51.50773554391837,-0.12691448441766615
1.5831663326653307,27.457289112520332,28.501613743783977,24.95451212645748,544.9411612753602,94772.52440578466,10.490185628553284,51.50790429263532,-0.12668354782571523
1.6032064128256511,25.99402679238246,27.89723019683914,27.09585030258326,555.84831067156,94623.36582743809,11.836483055944331,51.5078895371553,-0.12680192956115718
1.6232464929859718,22.675819824799067,20.733573596690768,30.316684911311693,542.4429702984212,94846.31500178327,11.21194346373781,51.50783473604054,-0.12681487159269955
1.6432865731462925,22.393975659610938,20.715642505058838,20.378578869793948,551.3618225397083,94677.34597951731,12.256135065318063,51.507920255396726,-0.12691694380257573
1.6633266533066131,22.340468380528424,24.139218353109808,35.94588915875278,549.1679309043908,94765.49953470672,10.594805904934304,51.50778755985779,-0.1269965097234864
1.6833667334669338,23.960951113561805,29.229657764548264,32.45156946635784,549.950870908811,94722.69183685149,11.550070997096975,51.507858875419124,-0.1270018787650676
1.7034068136272544,30.09721676337659,26.47897671264402,33.609338665041804,552.2972073723464,94706.6747351089,12.026295374005665,51.50792129131195,-0.12704644968146367
1.723446893787575,25.031078530171502,27.35696828638759,36.4150992054207,552.8405860535997,94733.76689760429,10.539770816676114,51.50789830275214,-0.12708753276469656
1.7434869739478958,22.212237011527073,24.442669891248357,32.42749892202129,546.484995390433,94745.7363800638,11.31385379343883,51.5080555304275,-0.1271216827244308
1.7635270541082164,25.735090894196837,24.610243888916358,30.15794179072909,559.6414084799866,94609.73952610149,11.689430744395894,51.50784380610884,-0.1270053614179496
1.783567134268537,27.231433995903398,25.5027480189145,34.180465331440544,557.732691886286,94616.10863006437,12.129136710830899,51.50785823458514,-0.1268028431543302
1.8036072144288577,23.025383167570922,25.855214791516307,28.554796335648543,551.3290924808707,94696.07405999115,10.801119265488202,51.50776037333492,-0.12704187257364044
1.8236472945891782,26.15567343825548,23.41849138550084,36.27938020348393,564.8553981315091,94549.65620276719,11.934226277101871,51.50807173412039,-0.12693439420543715
1.8436873747494988,29.644751503734405,25.931303578105044,29.58560259133127,552.6147510151193,94735.90429028322,11.249408656750742,51.50790306938589,-0.12707019291387317
1.8637274549098195,27.13601244410639,24.13459651440217,31.509517976703002,554.8462653376852,94688.46667195536,11.182933102922593,51.5080613485432,-0.12705332425105198
1.8837675350701402,29.167158570197874,25.175418823038935,27.742967229308782,551.7774010667016,94728.8047650783,11.551886421884051,51.507947267833345,-0.1271618078670348
1.9038076152304608,25.2649449345695,27.48273176298022,33.88432264802978,554.941767716392,94663.93527305215,12.068722758694149,51.50784297624407,-0.12714005879214413
1.9238476953907815,31.176551593260744,25.96913132797061,34.45477170306102,555.6118346220741,94614.17142266833,11.581112627703925,51.50808693530383,-0.12695303864454202
1.9438877755511021,27.155237110937964,22.948101119400288,31.062625649896255,571.1626574381158,94455.70683730289,11.381123132355905,51.507942744789226,-0.1268960299038855
1.9639278557114228,29.82769120093004,27.25426950624969,22.625917636092602,546.8694923136419,94791.9263252199,10.627014988839178,51.50807560058393,-0.12702582013653924
1.9839679358717435,27.699338197214452,20.72832678672675,32.14520760270225,549.9465782297666,94732.38925534229,10.959429541663702,51.50798790207963,-0.12708656394343942
2.004008016032064,29.856993787714863,20.37519710095198,36.28732519847631,563.8481582623693,94575.99179956692,11.179050366959776,51.5079853718665,-0.12684176901512795
2.024048096192385,27.815096287607425,22.625244453400732,32.16563106354232,552.1900337429093,94728.18983400043,10.803610372040843,51.50809201957607,-0.12701805589237256
2.0440881763527052,31.320155711604798,22.810953392492696,35.68807764970447,558.9469195561265,94627.76438297656,11.778368740317449,51.50803126727487,-0.1270906421969119
2.064128256513026,29.201945856974973,24.884096381944367,32.07936148079689,556.1964565413609,94640.8862648364,11.016050192100474,51.50809357557799,-0.12703303710501765
2.0841683366733466,31.55037448381503,20.263670667051965,36.229484408079045,559.0966283134842,94614.38304066587,11.61522317320086,51.50803962720896,-0.12694713976557473
2.1042084168336674,26.94537312616547,23.09700881254957,33.20340672398348,559.8413999899587,94617.01571385513,11.147056795633953,51.508200455177494,-0.12682457247987325
2.124248496993988,23.37243811059529,22.586567891777758,36.160008508370886,569.1544394821541,94517.9932496609,12.270272777635643,51.50793009757956,-0.12694569302795455
2.1442885771543083,30.504378481862073,25.59495691611584,31.651638477791142,556.9631473324193,94610.2143513404,11.686399315771121,51.50806223112945,-0.1269597260813869
2.164328657314629,26.699090268776963,24.684291564724152,39.08065250967066,554.4713238178873,94663.71805317867,12.3212945565324,51.50794935559693,-0.12710486085281328
2.1843687374749496,34.90203276968492,21.96717085047169,38.5989011076788,568.4951543462175,94496.77054501082,10.366616646531103,51.50795913923048,-0.12704787017895725
2.2044088176352705,31.658850080492144,20.227432110194748,40.50091480818655,553.2630205294071,94701.39012117169,10.752875615585715,51.507993081116346,-0.1269595702689573
2.224448897795591,29.32454050665368,22.307566859876772,40.88429745546983,565.4379049550244,94522.15993595576,12.297925760308916,51.508122954509076,-0.12709190923978383
2.244488977955912,28.94838690656904,20.982592595966477,39.547183216422454,553.9490655143761,94694.97000375927,12.178793965769849,51.50800083696285,-0.12704127682887453
2.2645290581162323,29.188612026463343,18.116541264816654,35.391640056799226,555.9489568807478,94647.37360268207,10.662044337329132,51.50814490946899,-0.12696696910156965
2.284569138276553,29.00326793039848,21.029148562302915,38.0762472013365,574.0250628487642,94444.93957964964,10.617446018261873,51.50793316900555,-0.12694572781790697
2.3046092184368736,29.253980492117364,20.15743101918561,39.37281595022443,562.7504267550573,94543.86891305743,11.582833392106892,51.508102365345586,-0.1268479644554973
2.3246492985971945,28.94753573798283,21.062442921055965,42.95586405680526,569.9868075204039,94464.29071920516,11.223750737263689,51.50805147313489,-0.1272581351347701
2.344689378757515,24.81903452807674,20.130317770329267,36.64437258297358,559.113525628327,94614.58198280231,11.457462628079169,51.5080896915779,-0.12705757564418685
2.3647294589178354,27.847232967415202,19.638741975164923,36.83170221638957,562.0520998415337,94611.78528352713,10.494841683183465,51.508016671101736,-0.12696769718179604
2.3847695390781563,33.33673566382079,22.62947918368736,35.167564147940446,567.7452108612285,94502.30471743207,10.80706780847703,51.5080736212711,-0.1271121452806173
2.4048096192384767,31.953866886075016,19.973591207378533,33.764004492329235,567.1982316321316,94496.84585611682,10.322019716844384,51.50819221697812,-0.12700303241912303
2.4248496993987976,31.10781452503077,17.97575000165108,43.96233686822521,565.7535704801901,94520.98074169953,11.95986878046361,51.50806502596697,-0.12717730646719683
2.444889779559118,30.269148027461448,16.684057974985368,41.518319435139354,570.9244871955667,94444.54336292161,10.633722842109298,51.50820658158674,-0.1270162156638102
2.464929859719439,28.487066277826507,18.493435909692465,37.55746719357191,571.2819611011724,94482.6073642718,12.180054792372461,51.50823285810484,-0.1269859318685179
2.4849699398797593,28.53579831877323,19.11252233231707,32.4106331620618,566.7360112381422,94485.42607606463,11.352573658349828,51.508176418397404,-0.12700717921290663
2.50501002004008,29.505955150503343,15.896930458152617,32.72773874545495,565.1019927771882,94544.98180848014,11.587786776889123,51.508108056627265,-0.12710071533476075
2.5250501002004007,31.96140036264588,18.489287988766158,46.41813789599746,568.8923978904072,94531.00811254822,11.307247568868965,51.50810074362857,-0.1270668497320216
2.5450901803607215,25.2682826872269,15.16072616687106,43.353990557865835,576.0578965154318,94431.50978019949,11.800223246114777,51.508193885314675,-0.12724888252195254
2.565130260521042,38.15072203832688,18.67889749802671,38.65770808178833,581.5902088501923,94362.33905247861,10.722675163410438,51.50804078821815,-0.12708533954434634
2.5851703406813624,22.020759656435125,16.230424102913112,46.98381024898282,571.5004937463145,94478.59662358464,11.743922790751782,51.508114516494885,-0.12712972820189725
2.6052104208416833,27.943407239424978,16.305192708918426,43.6041279872339,574.1409980844763,94485.17504998439,11.030690735357318,51.5083064945852,-0.1273366451744715
2.6252505010020037,29.201457740953373,13.644706096867363,35.24761848046947,576.5349644216249,94402.18843719439,11.076164590127608,51.50801216693924,-0.12705358337396708
2.6452905811623246,29.959288459020772,12.419493726256938,39.41725075135534,575.0650777403059,94418.64986349909,10.313743515855467,51.508123004746615,-0.12718183810602934
2.665330661322645,25.29666719243149,12.117748557433664,40.29596928590352,578.6792909918772,94378.83633668831,11.345126093331297,51.50835833818971,-0.12708340397684004
2.685370741482966,28.42826058097238,20.55244441188765,41.978896134973674,572.7340503515562,94440.5792558036,12.185578169900298,51.50829859861799,-0.12705830353582948
2.7054108216432864,29.627003320249983,16.15789360147399,33.017395058808376,580.1951094651678,94355.31451745785,10.647880819946838,51.508166686169176,-0.1273356158731159
2.7254509018036073,22.186922047390254,14.70029215109358,38.696879637086994,572.237794503987,94463.87964452522,11.898331964919361,51.50811150842129,-0.12728910293274504
2.7454909819639277,29.992245332661703,15.53409680342692,33.579014609136905,576.7149204760981,94412.42006284966,11.654523800705228,51.50812278968678,-0.12725749106015646
2.7655310621242486,26.718428314939878,11.166762026270712,39.87740117603851,584.5857990540686,94354.6922034583,11.220880851186815,51.50828694052032,-0.12719885573421694
2.785571142284569,26.55661235257075,12.672863610805123,37.804436208242194,584.0900813984056,94306.98088517609,11.493877279354246,51.50807569177245,-0.12725513136441405
2.8056112224448895,22.301422499026604,13.392698185653028,35.02629889507382,573.7738281392857,94476.75512839682,11.363058773928683,51.50818482674296,-0.1271771551378331
2.8256513026052104,26.845977901831564,12.806590315479818,30.713810410166843,579.5633066252673,94373.89022522488,10.628311125740339,51.508173302646256,-0.12711666898494237
2.845691382765531,28.38715371657605,11.245306173441856,40.22373749707085,579.1688396785969,94379.59801404056,10.381553128380466,51.50822461941105,-0.12731586951891172
2.8657314629258517,29.63185425585285,9.352322846889123,38.063166987974235,575.9988304322638,94387.80253415967,11.664275534708626,51.50817572038171,-0.12722436515217359
2.885771543086172,30.939795525320488,12.670468109374657,37.46266492183888,571.7248354153159,94442.00520645782,11.665218537908988,51.50813854315075,-0.12723408232082553
2.905811623246493,30.498836117550667,9.605044473956914,41.29744532773552,575.2280745733746,94433.3680428893,12.073884735260098,51.50831405269596,-0.12725592674278596
2.9258517034068134,27.37931105717405,6.832760058366317,37.530314309107155,576.368880229989,94409.51151212503,11.666993648492461,51.50822663376022,-0.12719253287143265
2.9458917835671343,28.45567758565879,11.293911215175378,31.695584742820934,582.9167116167846,94302.55620955463,11.075231582856432,51.5080673178779,-0.12707017560224598
2.9659318637274548,27.161900937988307,12.356398718123506,37.92118383243429,588.6117460436593,94254.40089182182,10.81412733947403,51.50842144694219,-0.12713107230605916
2.9859719438877756,31.461768203477604,9.72739507190427,32.6369866126162,580.0802541036907,94386.67145329998,11.33469027647581,51.50832505232019,-0.12717141997966028
3.006012024048096,28.45304026444293,9.504987424497546,48.75921557078753,582.9956516906811,94322.30574048178,11.929853548062209,51.508249367087735,-0.12718239530153705
3.0260521042084165,32.721381758063444,6.2755581763340444,44.90160962263364,580.9828789453327,94376.274214081,12.042280184765966,51.508192770321415,-0.1272276384602901
3.0460921843687374,31.820988522847337,3.0328200822226514,33.53956936934776,588.6724164020171,94228.04970303408,10.385433657940926,51.50816318756023,-0.12718852251108426
3.066132264529058,24.898591619005742,2.229501674712321,36.82845678142667,586.5499162337399,94288.14925409715,10.546169237786147,51.50826114608288,-0.127177726552712
3.0861723446893787,31.62723235753551,6.291093778962561,40.38316376854786,578.9989228217318,94342.61178523829,10.735048454429885,51.50813182561133,-0.1272944876123488
3.106212424849699,25.96452402345186,5.062528706300171,40.305339229187496,583.2333203721611,94322.38722268026,10.960773312606023,51.50818930056841,-0.12718512329469547
3.12625250501002,28.553066045302693,2.8803518543033357,34.756391961174316,579.1176781624923,94340.51074809815,11.368511450272932,51.50823482500431,-0.12722217333593114
3.1462925851703405,32.92177308625855,4.119003640837928,41.44978211907787,577.3939178340319,94434.3931111231,11.00359990675387,51.508236942859654,-0.127226302912869
3.1663326653306614,27.345315636101972,6.00766128515783,39.54229162907932,583.4410180583584,94336.72972957566,11.152003919834595,51.5081911772662,-0.12721908315013508
3.186372745490982,26.190260551212006,4.375031516795357,35.77646140321992,589.5350807459326,94268.19364197976,11.10713798220867,51.508372085215086,-0.1273389921954015
3.2064128256513023,27.982662772806297,6.7838512712133525,37.59023777275771,586.0931412110187,94290.11411559224,10.688824992674878,51.50831495569581,-0.12724490195951105
3.226452905811623,29.252520562645017,2.3757603427004015,44.15869766844482,583.1871074138745,94352.16676003634,10.619932733583612,51.50822449027998,-0.12732773097571254
3.2464929859719436,27.355746009695274,3.480994125876557,40.760085472207265,581.9736190122497,94303.75640576884,12.050810299177131,51.508161827510655,-0.12725866400619085
3.2665330661322645,25.819826857262797,-0.7985689119712442,39.636498661234484,599.269849791006,94088.90096405442,11.149135768551156,51.508277274300546,-0.12737385887699199
3.286573146292585,32.86447295313153,4.031835796543278,43.819116460935,582.4902237800563,94359.48874316331,11.517108428981512,51.50813003631687,-0.1273073740728838
3.306613226452906,22.9232032347084,-0.9774027265165929,43.10736649057996,588.0158795818692,94250.69535960851,11.320102406509301,51.508248260226146,-0.1270868164733128
3.3266533066132262,27.440628573092894,0.9839852452454998,40.04348468561534,577.8142526965929,94377.26740069113,11.033599906633002,51.50825581154543,-0.12720654138694693
3.346693386773547,23.178803742534818,0.5108402689534002,35.992268758026704,575.2160269106537,94461.16866639876,10.537138426866367,51.508266365261655,-0.12715485538936738
3.3667334669338675,25.796452963294442,2.7091789731189326,31.053742210727997,593.2579408644597,94222.28375840391,11.435382279743136,51.50831055088847,-0.12746363623793652
3.3867735470941884,28.11995170406945,-0.9439220973334705,38.20177495047869,590.47348994382,94262.83978994405,11.434288857690143,51.50828099300542,-0.12722904987209868
3.406813627254509,25.01644208344952,-0.24449628173941873,39.81056549209478,577.900424035824,94365.12823594426,11.283035665355373,51.508315752213306,-0.12735275895479525
3.4268537074148293,25.462405446620224,-2.910415193950146,40.41003986188014,598.7541964535825,94163.99955632984,12.158690030277848,51.50816024244358,-0.12718655801000217
3.44689378757515,24.746108440044093,-3.0405591776966245,37.65797457229855,584.394651333974,94326.57005135075,11.435227919483223,51.50824348429135,-0.12727960982116382
3.4669338677354706,24.613133169752572,-1.1425097743432209,39.61005832830876,583.0185805079301,94336.710169441,11.39054755600406,51.50824980111079,-0.12740269426596026
3.4869739478957915,24.60184538608046,-6.516715971191779,43.84833423012631,583.3338481437341,94310.65897664562,10.856439695677455,51.50825247153047,-0.12736487860778348
3.507014028056112,33.817795138970254,-4.4529023363337865,34.429125314424496,583.8895975703937,94279.22582161472,10.596140363449102,51.508209869854404,-0.127356619225811
3.527054108216433,30.643276995960086,-4.053818375540871,42.0960423041735,586.7603893986392,94298.99122980391,11.63369783509675,51.50819366906388,-0.12743801840098315
3.5470941883767533,26.532947781469456,-5.139207080947194,32.07457312225682,584.3576363846428,94305.4859486789,11.394572571485734,51.5081564861001,-0.12728673534720714
3.567134268537074,23.06276989363727,-7.27809091161255,41.178779278328186,593.004842629108,94205.52547056081,11.744848100616688,51.50828407294393,-0.12744823245973652
3.5871743486973946,23.637301450748563,-7.960166552940162,38.49773479507865,585.2354204775448,94296.44710322376,11.029913966537919,51.5083136848805,-0.12735143858352316
3.6072144288577155,28.391728624440475,-7.1260893888330346,38.237991297161685,591.7085697321062,94215.45726745945,11.62565805879523,51.50838515505138,-0.12740711149449818
3.627254509018036,23.438990333873715,-4.4726859090301225,34.821222230138154,586.8787221437342,94249.53036988412,10.745310117463992,51.50828825547682,-0.1274385996118091
3.6472945891783564,22.423616267155484,-3.3137176877802994,44.84694485125348,594.4580328808958,94157.29595858567,10.74068742861994,51.50829944422473,-0.12739479192275108
3.6673346693386772,22.43362581237086,-6.878588725100976,47.13934955810123,596.79569859242,94179.96115537493,10.296247972702366,51.50815460007388,-0.1274766139463552
3.6873747494989977,21.01531967269641,-8.8703539046981,37.536274301683996,590.2194206077888,94215.34885816711,11.80436142546614,51.50825590451031,-0.12735732314461048
3.7074148296593186,20.950987568486976,-10.500749638005802,37.12327475882376,589.1782922675293,94276.92651780511,10.723254072289159,51.50836342881432,-0.12759439352365584
3.727454909819639,22.371817794568976,-4.793228240001789,38.181607490179985,589.3177560068827,94250.61728979585,10.501599865380058,51.508458242303156,-0.12733722295481903
3.74749498997996,14.688845614959902,-11.506302128177218,35.75786942557893,599.1993808201531,94138.82542400307,10.98404368399617,51.50845053200719,-0.12728866101760666
3.7675350701402803,26.334005504255046,-10.376901058512962,36.70939946343199,591.2544680075473,94236.48847102758,10.495459387495858,51.50835775037687,-0.12727982572609747
3.787575150300601,17.240674012834006,-10.082819300007971,34.28132961281636,587.9056897517768,94269.57619564052,11.320227794450341,51.508311384594556,-0.12746699786220533
3.8076152304609217,22.559142174038627,-9.931591435583044,41.91718678192039,598.7082372313447,94141.22030214347,10.838067533761404,51.50827096029801,-0.12750636006103597
3.8276553106212425,21.30847282881566,-15.33103152644966,38.72870044030955,592.5629530185047,94209.92663554176,11.2236289921573,51.508244045540465,-0.12738053279577025
3.847695390781563,13.761468111924522,-13.856879888554039,37.945649450501655,586.4664757431607,94276.61022196917,11.684903824511405,51.50839992443401,-0.12742068944288998
3.8677354709418834,18.609058914519704,-13.034275119137309,38.93844271073424,593.5330566673556,94212.19773512229,10.931480633338728,51.50835919789436,-0.12737296697056694
3.8877755511022043,21.39219597515458,-11.767666205563092,41.10220070850566,588.9551740296491,94269.49629740261,10.990827223500618,51.508428280575075,-0.1274406869633249
3.9078156312625247,17.50040207252278,-13.952892415125337,34.972695253822835,596.1552794071933,94189.84452103788,10.929637749132498,51.50824315713992,-0.12753192435171842
3.9278557114228456,21.437128285365965,-15.738918491650843,38.574107176747326,602.2302993294403,94082.48185999875,11.720681298737823,51.50840168571526,-0.12755315968195644
3.947895791583166,23.200308107744817,-13.010215830378618,31.17833088905043,588.1359826955096,94256.02212723721,10.257852752674744,51.50849574633646,-0.1275597257183166
3.967935871743487,16.59854944022428,-19.20191668573169,37.061647861819246,587.8019341633134,94312.44972265423,11.261967381277987,51.50832217620265,-0.12746007840748472
3.9879759519038074,19.15086873542363,-15.786276250470655,36.96383126013612,581.9359491904713,94324.92216084976,11.326090163188026,51.50848101722168,-0.12744749030336977
4.008016032064128,19.85928465862126,-14.185986067920417,34.92486407150953,589.8262039680772,94243.47246313623,10.591275374209701,51.50832424466057,-0.12751027762902567
4.028056112224449,16.13574671752897,-12.041853376283349,38.05272442074308,592.1911326079957,94246.97684113872,11.425827470155554,51.508342328668434,-0.12755579194878552
4.04809619238477,18.682835572188154,-19.616393676915308,33.009332931690416,602.9698686769138,94081.22856710138,10.712400073542016,51.50832282321717,-0.1277025730384352
4.06813627254509,17.40602232949003,-13.135714180970202,36.59382951830127,598.9460470820262,94148.30648819535,10.909726440173884,51.50836897748823,-0.1275232610925694
4.0881763527054105,19.921880584550895,-14.867606547332011,38.636301935090046,596.4125574272699,94204.17597569436,10.963167324051303,51.508250444847334,-0.127491721183731
4.108216432865731,13.747090911082411,-16.493213464342237,38.806100473644904,599.9660730909883,94119.78325599607,11.864946113278437,51.50837839353296,-0.1277109596185626
4.128256513026052,10.97227670857168,-15.173351592879413,33.61147443025881,590.4240562319388,94241.33455841904,11.160832059100603,51.508366103006956,-0.1276863500492932
4.148296593186372,16.74904324008592,-14.400972492987837,35.538794030910395,599.731786680345,94119.7882034122,10.520165404534833,51.50829701788257,-0.12744598775569826
4.168336673346693,17.909346543560094,-18.29254605184878,24.965077586724984,597.5873977637096,94157.87801063077,11.361562992499774,51.50834247690217,-0.12727699262109246
4.188376753507014,15.30925225959294,-12.8799247704465,43.835948233501206,594.9437521492615,94192.03016902067,10.783116688021128,51.50845474630355,-0.1275742256047504
4.208416833667335,13.645174655803721,-19.810255733686073,31.705433849536796,592.9262880465809,94252.75394017666,11.207363306530743,51.508476682117845,-0.12741612937423372
4.228456913827655,13.593768984603077,-15.753872086883039,38.90187557676591,602.1129785533027,94066.9095863047,11.1207343591745,51.50847638314565,-0.12744061030540352
4.248496993987976,13.602150962641922,-18.389993679383924,35.87606163541561,594.7100255463652,94202.19083476772,11.263566102202176,51.50844216300963,-0.127632160211146
4.268537074148297,13.367183622441699,-12.92413027132039,30.00561126629431,599.1552187975157,94086.70170821671,10.95415868915168,51.50840131657822,-0.12756381331610592
4.288577154308617,16.80367262761723,-20.288620135536206,32.053737384797145,591.7561401324097,94230.67235600008,10.428555014218853,51.50834963181933,-0.12743919671697324
4.3086172344689375,17.43766714245003,-19.64752449056147,30.21352520991643,599.3985069837981,94118.44952705341,10.932487952887547,51.50828529820552,-0.12777045079962918
4.328657314629258,8.490244919124304,-20.78474205551114,35.104448270090856,601.837337247401,94092.80866639655,11.191166608449125,51.5085537162039,-0.12754459149004058
4.348697394789579,9.986459022091605,-20.414295524428482,33.42556957059015,608.7429992432468,94000.85981683395,11.219963554731587,51.508413787798446,-0.12750553517898852
4.368737474949899,12.093289947880653,-22.561367900719944,31.34234794752076,598.6997992094169,94121.0941093786,10.855039944555251,51.50856539356704,-0.12770874840634003
4.38877755511022,10.920087926735485,-19.508197184523524,36.378326317652714,602.7038185444056,94059.46270983669,11.442090197874624,51.50823984988744,-0.12751367499542868
4.408817635270541,10.190142048624693,-20.859330243970327,32.40217218964701,594.5590528677219,94183.91657907197,10.965906327916766,51.50834105596402,-0.12771577212034213
4.428857715430862,9.27938917510083,-20.05582557552932,37.07058698419748,606.607873613838,94055.66990200462,11.709766570165938,51.50828865823659,-0.12761194665329295
4.448897795591182,7.58126062130613,-23.061082883999568,36.651695082247045,597.2757399868115,94180.53247570005,11.39426109175361,51.50842646359505,-0.12777673974416862
4.468937875751503,5.4235392912266285,-22.009328203039182,29.786563331670727,599.1137346600291,94131.39132896607,10.886799017622128,51.50826931087797,-0.12771990805171418
4.488977955911824,9.274905453116794,-20.46013667270995,35.0077075367558,598.7746166135195,94132.18873809026,10.339308796220406,51.508361471044125,-0.12769668904079506
4.509018036072144,7.910181772657279,-22.40123900479011,34.688236008585626,597.0766479734218,94145.99908306453,11.232540156958285,51.508546087651325,-0.12778164521153842
4.529058116232465,5.708119317405069,-20.783417151310847,27.53715464706267,596.0491088328264,94190.43417784528,10.753179116677721,51.50847310449332,-0.1277855757934309
4.5490981963927855,6.033648798624045,-22.27930402853993,40.296781019513105,591.7561253979869,94236.07773858846,11.228247717044765,51.50828320731077,-0.12768143562285406
4.569138276553106,8.99895847356589,-23.114129164486066,27.837318681074287,593.4861913949268,94183.6255379363,11.135913932950576,51.508480005977624,-0.1274642071079345
4.589178356713426,6.301796345829044,-21.160359540485175,36.32866374708824,605.3136120052105,94100.8072809434,11.022112723484447,51.50856170673763,-0.12772270184706683
4.609218436873747,8.480774803000601,-24.001646361658686,21.50593946892387,601.6908266385326,94081.10224105517,10.519436627815102,51.50844145300794,-0.1276428648114736
4.629258517034068,9.187831618104367,-20.867138446051197,33.16356409663938,598.3371442784065,94135.93676722709,11.002842623745982,51.50834726699944,-0.12758421149809987
4.649298597194389,7.188000720861573,-25.01256855429555,33.81289531412161,598.3688998078195,94183.65494789576,11.01151847165762,51.50857168293204,-0.12766186239036653
4.669338677354709,7.24204147720305,-23.67188886416369,22.75658114054915,597.0134991957698,94124.00990966622,10.781695078218366,51.50838708689581,-0.12771124790622163
4.68937875751503,9.350559089037729,-20.609448138389194,35.753638872610274,606.1641215811154,94045.19507622946,10.295775358585534,51.50822534665443,-0.12781678843261024
4.709418837675351,6.282581381417945,-23.775976744047437,24.601355762700372,596.3019440584728,94166.96704375591,10.807506993309426,51.508223730691846,-0.1277194621241565
4.729458917835671,6.2460491256088915,-26.328587768454494,35.69187401051117,596.1250404301878,94172.65793574302,10.906824045384562,51.50826517023128,-0.12759757914671724
4.749498997995992,5.103995321573373,-19.844808218801294,21.740930475194155,602.4850970718362,94107.69201452885,10.917499053258442,51.50837534890071,-0.12802629891725176
4.7695390781563125,0.8536422756559823,-25.067339844064346,26.361707997948873,596.6391080709902,94140.86031246271,10.522453916002329,51.508400039355045,-0.12776192905856337
4.789579158316633,5.057608580308499,-25.32357342618055,30.266963452705884,593.6300065609416,94208.74389541545,11.430141357132392,51.50832064126779,-0.1278932931327638
4.809619238476953,4.771218683088356,-24.465179982817983,23.566228084742274,599.3477659679393,94145.24233226698,10.153784527947932,51.50819267195137,-0.1277912491073174
4.829659318637274,-2.4864902954083625,-27.057832219458565,33.604060690589584,603.4606665005542,94073.00987362316,10.499473018976925,51.50843513295459,-0.1276872414984572
4.849699398797595,2.331786526351481,-26.79632940812075,24.691637648501366,593.6768561086477,94222.91862148135,11.709975555238605,51.50854408053633,-0.12786541515789376
4.869739478957916,4.224931623889841,-25.412533099220738,23.793473849809523,601.5207710310453,94094.55495190666,11.98713432413964,51.508262949376686,-0.12760449698336584
4.889779559118236,-0.29342345958328897,-24.28082969474595,27.453151548873702,601.0941422936231,94088.81951905013,10.66922124643571,51.50843897443367,-0.12797526078641136
4.909819639278557,-1.8358265963217395,-24.47791765165462,20.934156967509285,599.7083009683928,94153.68510355793,10.267028579112008,51.508432642400805,-0.12767417747004808
4.929859719438878,3.8065369542162797,-24.76270245184233,30.119731516855087,594.4522997696135,94182.30128078739,10.967201695124379,51.50832617240565,-0.12783356011880523
4.949899799599198,0.5433319017714967,-24.914331410947558,19.26893279350837,589.1558694562174,94253.98871262628,12.087387678959375,51.50827647951046,-0.1276357207458605
4.969939879759519,1.0764559308547441,-23.90566311354011,20.62070037970807,606.765848492214,94060.6915013798,11.367767572598824,51.50838577289822,-0.12762539975398826
4.98997995991984,-0.235539376734458,-25.716057223438067,22.61385257059799,595.464508239703,94188.54636521023,11.430716809268613,51.50823356889444,-0.12788213055599498
5.01002004008016,2.0724773319583734,-23.540773052126934,17.218248106426877,592.9856076324442,94211.3340027926,11.354078576712444,51.50814962727471,-0.12770507998644304
5.03006012024048,0.5363813411178688,-26.0419191608851,26.97228990162764,597.5868517394558,94170.31491014491,12.537272815260362,51.508512594295524,-0.1278274805698296
5.050100200400801,5.022198895588983,-22.394428914067575,18.034550941614384,611.5633879776861,93995.76882068752,11.229948242042767,51.50844531904775,-0.12773853525080103
5.070140280561122,-1.5116534180809575,-24.044949559482536,22.671418019493203,597.4261236732409,94145.50256869601,10.458594445386124,51.50836766803429,-0.12780599471660622
5.090180360721443,-6.246399273921926,-24.47819529289711,12.706816550677894,602.8302794297966,94091.08894595927,10.97630811240673,51.508426929647584,-0.12784978543944922
5.110220440881763,-2.0633966852521595,-28.05319136896619,23.281127266600734,595.6838101109129,94182.73293251557,11.807945344349259,51.50832852200362,-0.1278044556867809
5.130260521042084,1.242991121341317,-27.10202774318002,28.571160271782404,594.8209242249887,94203.79706856886,10.631024787235583,51.508522019179686,-0.12771063510142672
5.150300601202405,-3.8227240775000233,-27.579798358347094,21.5465625709454,594.1453998937905,94185.32475680878,10.597071948258803,51.508311870933646,-0.12773372831455623
5.170340681362725,-4.207886976517286,-22.74841690946996,18.004016250480674,594.7328637003458,94197.17786096217,11.036746541937836,51.50843492769605,-0.1278674945935245
5.190380761523046,-5.071946635858379,-26.59747556188641,20.578478310342508,600.3037322244077,94122.18394186933,11.526884922008891,51.50828889819951,-0.12770622709205964
5.210420841683367,-5.993089998309925,-21.536054640066524,18.591690240392893,599.1335025124623,94173.03246635794,10.705889540586385,51.508465473879504,-0.12803488370842356
5.2304609218436875,-4.081894276924371,-26.86758322123656,16.45350818273862,602.6003353657871,94070.93165098055,11.551215772884255,51.50855111765806,-0.1279400666718726
5.2505010020040075,-0.8455534836465572,-25.077733951455286,17.915756596576813,594.1169390351325,94192.70296903218,10.951879137775611,51.50838962985176,-0.12792475477183549
5.270541082164328,-7.30150218100864,-22.028174410140814,20.692328906032103,597.6928090188887,94165.5101427376,11.233869218473963,51.50830564324114,-0.12786022349365336
5.290581162324649,-2.25101183586675,-23.71490066147925,20.233458420460703,603.7055854737596,94060.7831397557,11.406408314247564,51.508379862223116,-0.1278334217993634
5.31062124248497,-1.6781194121768426,-21.89537393762378,16.28625839192363,599.9115300736913,94135.91647155574,10.743276238889791,51.508251087354616,-0.12782359297256976
5.33066132264529,-7.474693314028199,-24.070335244854036,23.72266834597149,601.7036249947953,94075.12159132434,10.728842259758936,51.50838362341652,-0.12790234996982833
5.350701402805611,-8.211871534379105,-23.057435279401574,12.919831547476102,590.9434927064733,94213.95463614776,11.648916280939062,51.50860080735215,-0.1277190042618192
5.370741482965932,-4.896309528872631,-24.62722068575441,12.377407178114602,590.3294341423768,94276.55637213125,11.22180657770368,51.50845654465605,-0.12794835294616047
5.390781563126252,-5.071598201013045,-22.5670639652568,16.94666809785232,600.6193497183806,94108.15633764032,10.743036856280147,51.50840398269965,-0.12790509641444536
5.410821643286573,-11.270764557351978,-25.7018314129894,18.11971092378691,599.0865740397089,94108.59345711728,10.876171477258424,51.508274887740264,-0.1281322651017767
5.430861723446894,-5.805068109931843,-23.832255329744793,22.735427803410943,600.8953944384572,94094.17266101268,10.895853187628758,51.5084274135208,-0.127929239417708
5.4509018036072145,-7.4658702049566665,-21.66467372117651,18.444173416505407,588.5469685410046,94250.73939791393,11.491781244821748,51.508275109516696,-0.12785664139702235
5.4709418837675345,-10.756668912372021,-18.68965148101027,14.54243499112576,602.6356757849774,94062.11279962819,11.645552126413836,51.50831798709601,-0.1279626102629432
5.490981963927855,-9.223847120501954,-23.025747955298662,12.86382118371117,607.422487873761,94032.70039908477,10.772086620173308,51.50823773748656,-0.12786650074122907
5.511022044088176,-8.14544347944237,-20.03156318369248,14.834135356167073,602.8058502670692,94100.65386437708,10.66672381099375,51.5084316436425,-0.12804891470963886
5.531062124248497,-13.2415027823717,-21.949962062818233,5.888917260258232,603.3070486453377,94061.80634084395,11.971045179124046,51.50847805764476,-0.12804638064326135
5.551102204408817,-15.687500258241162,-19.977985505443492,12.94852134608434,589.6094744814588,94261.45688249244,10.992491201803373,51.50817092155753,-0.12784095580234273
5.571142284569138,-7.499042736896661,-20.04381322841669,6.844219423887174,600.0868890471045,94117.36244800093,11.180756251828974,51.50836715954077,-0.12796905384291457
5.591182364729459,-12.14657988013081,-20.070041083620808,20.624192465483404,599.2380689472776,94134.23657922877,10.30695513858699,51.50846010842312,-0.12800290214560825
5.611222444889779,-11.431291815765473,-21.12258811876474,12.267104677185968,605.3648329185734,94031.0748348041,10.9485770696039,51.50835121435098,-0.12795446360637905
5.6312625250501,-2.0335833622501145,-18.721083572945908,6.044771989380011,596.7693764991476,94160.18315923348,10.846723269810061,51.50836891320497,-0.12791636770901835
5.651302605210421,-13.243485941201415,-21.119657274342988,8.170911619068496,606.6915491981842,94060.58387245699,10.901960790248685,51.50823746936009,-0.12797809465465498
5.671342685370742,-14.303207166285736,-21.93183406424785,10.48516351764656,591.8189516675652,94232.09301999352,10.176481130740676,51.508376185052846,-0.1280273132635911
5.691382765531062,-15.176099901094071,-19.9960492693443,15.822238899055492,592.5561413866212,94226.58646882388,11.736262798745326,51.50836427029537,-0.1277849478689912
5.7114228456913825,-10.221156875957647,-20.85817693649153,11.981862194305897,597.6623294380456,94163.91756962254,11.545879313092163,51.50844745782142,-0.12810763343194922
5.731462925851703,-9.365338414609823,-20.383224092264516,7.543243562252107,606.8658795568484,94062.51824810906,10.908973401810691,51.508337438688955,-0.12809115792306885
5.751503006012024,-11.25191319835982,-21.254554831646004,14.387844562709443,600.4791347889594,94132.00637944516,11.440911346645809,51.508505123096626,-0.1281112605612755
5.771543086172344,-13.180305547001765,-17.255120315189988,6.955995907120206,599.8670355135429,94131.15737330752,12.344613382696554,51.508248754140475,-0.1281250356106619
5.791583166332665,-14.009012544812204,-14.551165054428006,13.759101549845152,597.1310948306366,94134.8018109915,10.658373602614256,51.50838127524436,-0.12775414214765338
5.811623246492986,-12.342198683085773,-16.82500691565938,7.353019682010533,595.7659415368702,94170.02586889932,10.592030304601092,51.50848492956824,-0.12791410937487133
5.831663326653306,-14.979615670492995,-16.36115434093594,2.4859890930564568,605.8870891951271,94085.69305046478,10.349563036462033,51.50836836872207,-0.12807419025817934
5.851703406813627,-16.418995227374854,-19.051258612894333,7.889156273790175,594.0406181721836,94191.093608722,11.700230185433323,51.50826865636401,-0.1282512221759636
5.871743486973948,-15.541464637732139,-18.284726754226057,9.860689235802015,603.9795794286856,94078.43378293652,10.313588461721771,51.508246300350805,-0.1281947365845776
5.891783567134269,-15.064565613014372,-15.955251515412426,1.046727277769123,593.0672362276949,94231.57855643735,11.101025557208787,51.50846188562659,-0.12784752744494499
5.911823647294589,-14.851016707412063,-16.635579746594683,5.540426844641523,599.7242826745593,94124.36732648252,11.01473544768837,51.508364662436904,-0.127903844692106
5.9318637274549095,-14.615662842448687,-15.104445012844346,2.404964748236933,599.3858651750056,94123.03865262431,10.462710778536588,51.508417647479675,-0.1280991539012433
5.95190380761523,-26.26638216917013,-13.30867552732914,8.500935944108523,599.6897431296087,94120.52973255036,11.393000693387686,51.50844575860278,-0.12804536828476043
5.971943887775551,-20.636236796919498,-17.271505630811028,10.401407870568924,597.7495716714117,94160.20809813187,11.172072790153907,51.50846623236102,-0.1279988855442932
5.991983967935871,-15.27229945746649,-16.471897331041102,4.189640224654663,591.1807551176349,94194.4517995485,10.619968358914438,51.508364000166225,-0.1282662707988577
6.012024048096192,-23.981610977931545,-17.57652499892305,6.168968567991842,596.7021544702704,94137.55237415881,9.626819427652734,51.50829065184724,-0.1280856007132296
6.032064128256513,-16.683121570521035,-12.18427648936682,6.479839728726781,595.1930208519236,94172.40270181726,11.559819743389056,51.508434273818494,-0.12824242359422647
6.052104208416833,-19.375729374908104,-11.934066501246095,8.196420455388912,591.819828506817,94215.23880669371,11.00080295399225,51.508396561851754,-0.12826038702754325
6.072144288577154,-16.465383462833902,-14.553626664124772,4.562301260862831,594.5725081665951,94215.24792443974,10.472394993664766,51.508262106443105,-0.12828383363592394
6.092184368737475,-19.33845876651702,-14.209415076730604,6.910958067081915,600.0164953278522,94129.6200285336,11.02417630022634,51.50838896748203,-0.12832486672710547
6.112224448897796,-21.687288439292118,-12.132323898590531,5.236957613390066,596.4644965426755,94157.34265250468,12.105150188456557,51.50826735036234,-0.12813075129918958
6.132264529058116,-16.4605674410193,-11.619591059485282,-0.8391892087344832,587.0450324790379,94260.7629268364,10.142073655407962,51.50841673094802,-0.1280271746065631
6.152304609218437,-20.09700767999423,-13.479402822506756,5.3713458256423605,591.5496818200994,94224.31715636642,11.023325143016757,51.50837613530684,-0.12818606225717305
6.1723446893787575,-17.604717986570257,-11.038443615479387,2.561975696581796,596.0481077441655,94158.74567179567,10.668754372497757,51.508364851377074,-0.12822012988455453
6.192384769539078,-18.38704746560473,-12.624797478728663,2.190335115791203,582.8735680586453,94335.9898309062,11.586954481819868,51.50841755911342,-0.128153497482182
6.212424849699398,-20.41914323141483,-12.719688047342398,1.5120483500194062,596.8884874977718,94135.6732114313,10.10334342303826,51.50825401952228,-0.12824398626141167
6.232464929859719,-21.996075212900198,-10.50661191448761,0.22209692611193124,592.2768777094742,94192.96128971771,11.004668852120242,51.50841155804716,-0.1279630005370954
6.25250501002004,-27.26863228481447,-10.534161544724967,0.29287538478430836,593.7320928149469,94189.6643732167,11.597479134223558,51.508281254619924,-0.1282963327353374
6.27254509018036,-23.738245812612796,-10.094387683020159,-0.404202967396438,586.016382943841,94278.26794193166,11.98784684311728,51.50813661903298,-0.1280813452759387
6.292585170340681,-21.480879803371366,-11.48186322631357,-2.4502360878150062,586.7417437395101,94299.70365003645,10.905595356604076,51.50840231399203,-0.12815159918471986
6.312625250501002,-25.88672876425641,-8.020975420685318,9.488798939493456,591.8381732289213,94222.17008698662,10.791905944912548,51.50825872692809,-0.12823044182450294
6.332665330661323,-13.487226210409242,-8.642159777443723,0.8916395284135215,597.896044902357,94152.44531451211,10.84954264633335,51.508348739872176,-0.1282423197037539
6.352705410821643,-22.150894485961047,-10.252366923541722,1.9379256068784674,589.6441416181042,94249.06489045717,11.498139206633224,51.508333321920695,-0.12817023836377336
6.372745490981964,-22.097998012386235,-7.78126094699137,-4.445819160769716,595.6684235468331,94194.46361827859,10.93048672867721,51.50839773903822,-0.12820973675507816
6.3927855711422845,-20.71719375880753,-4.60079058974695,-8.022264434098037,589.2605435221743,94220.08824133938,11.391338960614313,51.508220918658004,-0.12826036633913804
6.4128256513026045,-24.256677428187405,-5.67290754584846,-11.631947386171301,588.400144277726,94269.5295471402,12.68196005208753,51.50825176947708,-0.12835531739193662
6.432865731462925,-23.50150695871272,-4.464862603499952,-6.336322090064737,593.5583731279223,94201.33682360366,10.395651660911597,51.50815054347964,-0.12804278543423966
6.452905811623246,-31.831484797244556,-4.479931865906312,-5.202456779715499,590.3243648849818,94223.34617277887,10.96922072523014,51.50838129203097,-0.1281712016365022
6.472945891783567,-21.50838668610892,-3.200845007087848,-1.8866990502726098,585.4494125737524,94320.82309244589,11.326029056501941,51.5082012183406,-0.12826616223377
6.492985971943887,-25.993793063802126,-4.110635701171906,-5.141163729090003,592.255811945036,94202.95492815436,11.306390929243467,51.50831447973983,-0.12815529232288442
6.513026052104208,-23.774883159253612,-1.6488913905625648,-9.737868216986087,580.6602092316731,94379.37733756728,10.071510691800487,51.50826541166084,-0.12838310677485956
6.533066132264529,-25.09009615571339,-3.273955794868336,-1.8485928966727214,577.1961456011697,94407.22355306605,11.713492280720553,51.508230209160125,-0.12843488014259907
6.55310621242485,-25.128282772724926,-4.174647949037179,-10.377428053344355,590.3235681921443,94243.45640970797,11.71100959956761,51.50819896577214,-0.1283429155213217
6.57314629258517,-24.718878644866827,-5.21656858932288,-1.3480456759983506,580.153558784757,94309.69911358789,10.347249478580943,51.5082297333844,-0.12832885484254597
6.593186372745491,-21.884485253287476,-3.3741835473972674,-8.783596737884801,594.30440839675,94214.59332049816,10.922873667823591,51.50819341322516,-0.12815879475869374
6.613226452905812,-25.360323700477608,-2.374514955038462,-8.188652075463398,584.3272375208898,94304.11394902426,11.897814716048455,51.508165148635356,-0.12851026926753534
6.633266533066132,-30.415791968746095,-1.5714635804546968,-5.468807100834662,596.2337776241874,94139.89477883352,10.593569900601661,51.50814392607132,-0.1282895850919538
6.6533066132264524,-26.570904483262083,-0.6958790355776094,-9.973604805124493,584.1613906781947,94320.25186298272,11.294504750655419,51.508137160796196,-0.12834349995921118
6.673346693386773,-22.641888073913236,-1.7815346998615267,-2.503246122318976,590.6256544792634,94232.85793321728,10.780217845439838,51.50825926890234,-0.12844540409969094
6.693386773547094,-27.605190607010748,2.990066327638808,-10.0444438312928,585.809766115121,94290.26356423715,10.560610796207923,51.50840970997351,-0.12825545794822912
6.713426853707414,-22.015280140343627,2.6415249612080993,-17.17133611993074,583.7312981380576,94300.90478976288,12.242880938569655,51.50833416599993,-0.1283366251073164
6.733466933867735,-23.16435090978739,1.696833540468055,-7.85288337888701,580.9074734206829,94338.4006166086,11.44356750741917,51.50825384061763,-0.12836343540525205
6.753507014028056,-30.791794696373245,1.7281004497547978,-18.88355680278224,591.7484609304344,94208.94074121425,11.762044995814742,51.50840642299281,-0.12842091851328188
6.773547094188377,-28.6770949660021,2.5568288607218927,-4.167018562823428,584.3239652974257,94296.2987895108,10.503062987118097,51.508119885341415,-0.12823402308471657
6.793587174348697,-20.444996106084975,1.9843327387835836,-8.81288606434486,588.0336885662509,94292.20587791677,10.746313218544978,51.50825204250276,-0.12850995561772627
6.813627254509018,-27.1343678793922,4.174593891580073,-17.41831659719152,587.1838081288026,94238.33171961525,11.445093348560405,51.50812903365811,-0.12848813527961206
6.833667334669339,-24.29872146320032,2.645887176944936,-12.992160506324677,585.6275560636889,94295.5789051832,10.464485289680937,51.50848111375503,-0.12827397300102567
6.853707414829659,-29.994703270960088,4.7611636242571365,-10.3429379585508,584.605084333052,94311.99259096262,10.810635028107427,51.50827864622919,-0.12820501967640835
6.8737474949899795,-29.497490597710858,8.405614374670538,-14.32148938131072,589.859254238338,94281.79386502801,11.217876251422938,51.508269343201405,-0.12846430011992996
6.8937875751503,-23.441253409743084,4.79875813016233,-7.876289805317204,591.0234148318656,94225.41384805265,11.247520113335858,51.50820008420346,-0.12823043606346513
6.913827655310621,-28.159812556459986,5.433351607630768,-14.870875620460662,585.6817311836326,94287.99883653589,11.662284430805954,51.50839188270793,-0.12839794608138233
6.933867735470941,-31.359649931801062,9.34836300261183,-22.243847703480434,582.1280173929407,94309.92901008016,12.319225813819772,51.50805625000475,-0.12828862542107175
6.953907815631262,-25.0686395345213,7.427384625530806,-15.46812223692835,583.1817852372762,94312.67707513938,10.953785326097538,51.508219106295826,-0.12847776036000444
6.973947895791583,-28.365469672485368,6.845707334286395,-8.562631582546043,577.8561727991705,94378.32132353331,11.040851182126064,51.508165596328176,-0.12853726327259554
6.993987975951904,-24.53638559624067,5.618968302938986,-20.66098411420282,579.7413839792724,94413.11347933306,10.559290343157542,51.508234888745605,-0.12842059355149127
7.014028056112224,-29.57851693538727,6.636448465140621,-10.145364306639067,578.5979295729444,94431.96371355306,11.620752765968248,51.50825000403808,-0.1282901224759064
7.034068136272545,-31.03944844811542,7.446287860295142,-13.478864298843138,580.8805179707932,94332.0086022756,10.804334981542029,51.50828042457837,-0.1285045066712484
7.054108216432866,-26.230762332082335,8.061039945413704,-9.919324848702498,579.8683966961355,94361.32623358742,11.386496363233388,51.5083428875972,-0.12839613679965853
7.074148296593186,-28.249574816089968,7.064047658359618,-14.391404675379672,582.9977578160986,94296.9743738899,11.764991518388731,51.508206766242225,-0.1283949179705681
7.0941883767535066,-28.77797396327201,8.32861008248985,-16.000384287907973,573.3671597980273,94488.41546079183,10.843186559923343,51.508179676045415,-0.12834784964140908
7.114228456913827,-31.12215383644779,10.930432806329076,-19.328011417601743,574.9606035725787,94443.7773086158,10.309971385675444,51.50806385457423,-0.12850038124514893
7.134268537074148,-29.80439705880152,15.714592325170504,-18.125723646795702,583.0660792992223,94323.05295703544,11.774464517497844,51.508257269791436,-0.12844127702985625
7.154308617234468,-27.66837734723421,8.606653691966699,-19.91650739939545,575.1617256216366,94429.26359867472,11.025145981450851,51.50820136347875,-0.1284992426514365
7.174348697394789,-26.865828222192196,15.02850621141259,-18.45228173574106,575.6716390224358,94387.61953443427,11.305188427736176,51.50793812587658,-0.12833606642794038
7.19438877755511,-31.897352514850187,10.71051793418655,-20.646056436087246,565.4487067516338,94525.92242143267,10.818139254480373,51.50814874396391,-0.12858305487760172
7.214428857715431,-28.640491786249054,11.924166541750507,-23.206695604947758,584.0561349882099,94337.8317900557,11.8215073782234,51.50832493752312,-0.12852928814294065
7.234468937875751,-27.5209649035867,12.189258056791317,-21.839191713209335,573.5741268058384,94431.2905710971,11.15557524282954,51.508288459387884,-0.1283759154563155
7.254509018036072,-28.740580962235846,12.579667638990289,-24.588742213958135,577.6909230859048,94403.58934353742,10.215433923410853,51.50797552554305,-0.1282829967226478
7.274549098196393,-27.107692580256245,10.318366497076514,-17.748650685434896,570.3052822483827,94490.71349611695,12.182884854253238,51.50820405185236,-0.12868194861921606
7.294589178356713,-27.208561194422394,18.093049140698042,-18.27675251703376,574.836811030961,94421.13590058433,11.14824566616804,51.50811164468364,-0.1286349659772449
7.314629258517034,-33.69036425311513,12.076347690920478,-17.37743075627054,576.1411595903035,94437.91698762546,10.76992844963788,51.50807303301016,-0.128452942238986
7.3346693386773545,-30.00830467764187,14.284511550757408,-19.653857770656522,572.7096120674906,94457.01831592858,10.592849974577444,51.507975309568685,-0.12849342970519675
7.354709418837675,-31.485786054312303,13.442797172443031,-9.994060945837104,570.9753016432417,94489.6827383387,11.32124518359113,51.508184661561636,-0.12861509901051235
7.374749498997995,-31.066026645931757,15.426408641337222,-20.90487804206999,571.2724880871723,94473.32088584302,11.525622050600033,51.50796952605059,-0.12840992746091268
7.394789579158316,-30.364898894481332,19.70692663776261,-15.710362609033753,572.7369468921817,94460.50387304339,11.008605342392787,51.5081835381626,-0.1284407625217424
7.414829659318637,-33.791614165796524,14.407139688159633,-19.571437230093814,568.9239276763474,94535.97834074251,12.425287919590733,51.508158820761096,-0.12847157483220598
7.434869739478958,-32.19512333003122,14.125219396182686,-19.906654456809516,568.8411906252747,94555.20876087794,12.138673548483236,51.50811155333714,-0.12843785777504851
7.454909819639278,-28.419632265905868,14.626945400736847,-24.804719163696284,568.217648034552,94485.20482401102,11.488120337326105,51.50825164506805,-0.1287064501968944
7.474949899799599,-29.6656510291082,19.681435801992055,-16.923309172179636,570.9459165267015,94463.91047180523,10.257213795291117,51.507907398968065,-0.12852382600059653
7.49498997995992,-33.02947703158014,18.850356445919733,-15.456060556518661,568.5689173698132,94498.50823817443,11.241625655642272,51.50813860908855,-0.12854764706904745
7.51503006012024,-29.587193339256157,19.196161974006333,-27.603832741802286,564.8189013394755,94531.9027552283,11.546753896220284,51.50804486407351,-0.12852337295162272
7.535070140280561,-32.27026070791467,17.239104131712153,-26.518444758196384,564.6460074944927,94567.26697294743,11.651955715879254,51.508251091468765,-0.12866328021041143
7.5551102204408815,-34.473478038017454,13.897296314269248,-19.31709630370483,564.8361549291391,94519.88516690215,11.026471794470671,51.50812643566699,-0.1286007251278142
7.575150300601202,-31.830390158241386,19.08293258500008,-25.683272270087066,570.1796417385859,94506.86350260116,11.533970223556993,51.507978205060944,-0.1285799067396336
7.595190380761522,-32.07972778484124,20.31405043373775,-30.015402240618446,572.7775056833409,94488.67046766268,11.166812234293074,51.508168923198944,-0.12865748904250002
7.615230460921843,-31.85890586230478,19.694344623339948,-24.501125612170952,569.6446754076483,94442.53794875917,11.674171866476396,51.508078522715564,-0.1283762610786598
7.635270541082164,-30.543884411352842,20.071492303259536,-25.394485081003374,564.3265295743593,94509.84789151912,11.971190516347477,51.508051618452114,-0.12854461694190072
7.655310621242485,-30.7143282704372,18.65957592462288,-24.012862119914075,566.9488509652763,94509.96337603997,11.893757574724994,51.5079404749655,-0.12857625923665722
7.675350701402805,-26.70079369156005,22.8489487935912,-29.9070196802895,564.3549369748673,94549.22304730708,11.695213965736817,51.50800976201133,-0.1284978677849939
7.695390781563126,-35.79681261617418,16.848903421973908,-25.51462511042739,563.4520369548649,94566.87635249326,10.710396453175637,51.50770579582015,-0.12854152292579685
7.715430861723447,-29.9321172283422,21.97527414732551,-26.1155452803373,572.2143446487204,94445.15213453781,12.152001367249575,51.50800217569217,-0.12873457464776245
7.735470941883767,-33.184647520313725,20.91354379592286,-23.672897151482296,567.4141258217971,94522.57547373696,11.766316035655285,51.50800166831116,-0.1287038933159015
7.755511022044088,-27.52506571113128,21.827526408613515,-23.689145074401168,556.104468289119,94665.60676224797,11.726770613006945,51.50798915836584,-0.12842818729747799
7.775551102204409,-32.388781886062354,22.792455680656886,-21.63230573726353,563.3439801947409,94593.3547522729,11.623924893738812,51.508259979545464,-0.1284802506690929
7.7955911823647295,-28.78923197365796,20.36027857640781,-30.75972248009779,563.1018085990004,94526.88122615697,11.681743927960568,51.50807060918032,-0.12848540643876263
7.8156312625250495,-30.779473064552384,24.862254937162536,-29.953843099251625,561.0851836420503,94577.33854462855,11.861817850256807,51.50811823569721,-0.1285270488416145
7.83567134268537,-27.683505395930027,22.048205765644113,-32.0406190776224,563.7651627509557,94548.61679572931,11.63678923769725,51.507872960016215,-0.12848437744246258
7.855711422845691,-28.405091594371125,24.162720662406205,-27.133409608425715,559.2827260668823,94625.89394127076,11.566788181365535,51.50792144141354,-0.12858559695125918
7.875751503006012,-33.06202211047577,20.503084468666277,-27.028673298673016,568.3909109581334,94529.67036453035,11.248347201345439,51.50796793300465,-0.1286844308036466
7.895791583166332,-25.576999828238197,23.5203453882891,-34.45416799101584,551.1663952600755,94700.62110547573,11.145074939537913,51.50819120606456,-0.1285690137398988
7.915831663326653,-29.007664982475724,24.5572824288173,-27.97699456231482,554.6377728315383,94664.75749744303,10.74545790148137,51.50822848692097,-0.1286092375788077
7.935871743486974,-26.074935771750788,18.82353403437308,-31.891269942488226,563.8869252346668,94577.66047736173,11.479796729549006,51.50802484163637,-0.1287500808268699
7.955911823647294,-26.659999298264943,20.09867773096599,-27.870028174678755,557.6792746085283,94636.76060526376,11.27246941283124,51.508039940463256,-0.12860651693457467
7.975951903807615,-30.643950278117888,24.931311747117057,-25.743293235665504,556.030482155712,94626.95495901947,11.279973383802966,51.507893986777646,-0.1285373063536931
7.995991983967936,-27.51268651060981,24.512507770096814,-28.746709224096772,558.4191175345654,94571.28427667095,11.54335035629187,51.508077771801666,-0.12863387741990526
8.016032064128256,-33.73242165572845,23.814600802277717,-32.231707953942156,551.9288630386644,94660.82928196454,11.95912517065774,51.5078438071128,-0.12869287787253228
8.036072144288577,-28.284553225367418,24.800834018794376,-36.15237020521639,548.8159918995506,94744.06059227826,11.381277638349179,51.50802042869277,-0.12861808336038238
8.056112224448897,-25.825754605574883,24.98569961246921,-33.666035550690026,554.8755573483843,94675.68485013036,11.001656241197857,51.50797119832211,-0.12854090917738648
8.076152304609218,-30.02155348546382,24.50383738378523,-26.06083310941267,553.9657146575804,94644.51498438326,11.642136914805954,51.5080898610542,-0.1286633255882017
8.09619238476954,-27.681260768881952,26.935545982151893,-30.473128317593364,559.9987139369604,94584.8498267668,11.904768549370711,51.50815343869834,-0.12864185825649013
8.11623246492986,-29.69546317056669,24.8661043382568,-32.693100072843976,554.8222377566325,94707.63958959607,11.709183131889025,51.50823264160539,-0.12860910823977034
8.13627254509018,-27.513137602954785,22.644975650368693,-29.015370228994232,543.427687140878,94787.23976606184,11.063004339275407,51.508070280765324,-0.12866087340390697
8.1563126252505,-26.271088303251293,21.62987015604966,-38.1602063599972,556.0328418261369,94608.92718938808,11.014496485620231,51.508110448545615,-0.12871519017775748
8.176352705410821,-25.454581661504562,25.521675335966137,-34.28243772918933,559.9763854262256,94592.98457838644,10.991765409851917,51.5079795208518,-0.128950083768094
8.196392785571142,-29.253060531873775,24.61784530382539,-35.40979831455919,562.1421668873572,94569.9610158077,11.433295164136473,51.50793138734059,-0.12854233189358366
8.216432865731463,-30.66374016915875,23.055212711112755,-29.634550183368503,563.0896422891308,94537.26925607304,11.791198322615301,51.50809753155528,-0.12848304503194702
8.236472945891784,-28.583206949597486,24.453585682361506,-28.832564949618725,548.7241257218969,94730.75200804701,12.440378791783848,51.507993112957266,-0.12865162726647333
8.256513026052104,-28.753966264296476,25.870319315516106,-44.04387462246136,560.3354306281788,94580.54359110155,12.05162460692575,51.5079229993576,-0.12865360236012732
8.276553106212425,-24.572557813705366,26.79576825230192,-31.399748936296508,556.1392140289605,94661.81740703175,11.780834949814997,51.50797101204797,-0.12876300931802923
8.296593186372744,-26.948942889088983,25.189726431160963,-28.00353764539115,546.5256112327284,94753.82353136894,11.707336609360793,51.50788313628946,-0.1285882215908202
8.316633266533065,-26.748822903960637,24.82718749540785,-31.28498202793676,551.0416346107859,94720.64116924442,11.046098573158096,51.507930604619794,-0.128658605722197
8.336673346693386,-26.51799374711783,23.626448962656724,-33.27141974873037,548.1131052331344,94729.47877522105,11.231605257770997,51.507928914248176,-0.1286034662749313
8.356713426853707,-20.726489393010336,27.113326842115555,-32.22684081900279,555.5444352977192,94659.35794902228,12.020091824168146,51.50793913378265,-0.12870944359471428
8.376753507014028,-28.290243369557608,27.075295742805064,-33.622497769457446,541.0361366220455,94838.02046618404,12.208609003090807,51.507912773072995,-0.1286678118639078
8.396793587174349,-28.804372343994864,28.83896656461911,-32.830856045302376,544.4033579140693,94793.68619429409,10.842764836116247,51.507793867991076,-0.1286166412801082
8.41683366733467,-24.949738423780587,25.61841695044006,-31.46484113735011,544.0197266429693,94787.76453981572,10.937539553381386,51.50782179815497,-0.12870593285681434
8.436873747494989,-31.302121885124016,26.60990860056208,-40.1097674110539,540.8067356558702,94832.7301192379,11.480172709563657,51.5080053524925,-0.12866244339451752
8.45691382765531,-23.10005688402192,23.699661113525384,-40.11815771182788,544.7208220848361,94792.41009397272,12.116920728552822,51.50782151747587,-0.12864126175451493
8.47695390781563,-26.674623906086953,24.37381059526871,-36.208458123090814,553.0386074792701,94730.56125019817,11.837625814579367,51.50791363179826,-0.12863210634178385
8.496993987975952,-20.36017834240908,23.832353498445105,-38.340162388713566,544.9840588367067,94762.485084945,11.785266358081394,51.507888331200924,-0.1284492740070744
8.517034068136272,-19.835314310253604,23.528579785175292,-33.51327916209367,536.1902117255707,94885.6901595137,12.479777514402002,51.50774792120739,-0.12868077598491823
8.537074148296593,-23.155270944380078,19.365193428546604,-40.294124494408344,537.8561179383623,94893.4744372906,11.291406265120417,51.507735050678775,-0.1286997493628894
8.557114228456914,-27.51782172061626,21.088485310511494,-43.55510446945475,540.002336173506,94842.43331734401,11.666112325966644,51.507966618863954,-0.12857900868440428
8.577154308617233,-26.210684698206634,24.06047143203378,-35.256080445563356,544.6350164040008,94782.04568159729,12.461074000065134,51.50787126942343,-0.12862028486681779
8.597194388777554,-18.949863889380065,24.87549501591287,-37.78248705905151,546.6275814444482,94769.55796362495,11.943178365184973,51.50769647989209,-0.12875658645243376
8.617234468937875,-20.371824076293233,22.445303373680403,-35.22007690692942,548.6076491120061,94737.87316088802,11.563747927105691,51.50785199262381,-0.12856563825692588
8.637274549098196,-25.559195431040262,24.608993176883917,-36.74574087074879,539.2361998022672,94839.25392899393,11.609268136409472,51.50773037337823,-0.12869518239973968
8.657314629258517,-18.114209869645766,21.99876977047895,-40.28138304457196,544.395162741282,94773.72212936734,11.92524262146913,51.50788402003204,-0.12852545858955897
8.677354709418838,-22.84051270967315,23.35714709177674,-33.58609950798969,549.213892620006,94719.13956023235,10.987560205992594,51.50770805286953,-0.1287957963784009
8.697394789579159,-22.727697419933147,26.752936269989505,-37.01073349152895,540.0703788799905,94870.6218552,12.13262859970578,51.50780975717862,-0.12857201566962329
8.71743486973948,-22.778166492743544,26.407959511489544,-53.18188913428199,554.2836816697118,94687.73752880652,10.975397869494921,51.50800478607572,-0.12853660114296442
8.737474949899799,-22.1108055706173,25.52953194958367,-34.913113622485156,544.2437976458365,94807.75162003005,11.679916651386357,51.50784133237565,-0.1287152887421961
8.75751503006012,-15.929767164224149,19.13109442162336,-43.00971171006795,533.4977242713517,94952.79482577975,11.553365322977974,51.507784766992266,-0.12872072614895827
8.77755511022044,-20.09584555628162,20.554388365865325,-40.75158803553385,541.4409740746387,94829.27704779431,10.924922599946138,51.5076152141739,-0.12876097648924212
8.797595190380761,-20.037159400452115,22.29280398056545,-42.69736967317382,538.9440552543674,94824.6195332038,10.999962115341882,51.50784133768244,-0.12870907518442481
8.817635270541082,-22.835191596556058,21.460641184373,-41.80653602568225,537.520283922219,94853.55579503933,11.37330978221695,51.507785507253466,-0.12872479753848404
8.837675350701403,-16.435409259410072,21.31904060771206,-35.868002245492534,537.3738003517766,94882.14245296315,11.803451467693131,51.50774894934481,-0.12868661701370154
8.857715430861724,-18.969684096537087,21.888991889119886,-37.17093381087597,536.1626386656785,94871.70566443016,11.331020465085702,51.50768099413558,-0.12888819410827113
8.877755511022043,-21.120546739869948,20.438378237153422,-39.67292210566069,537.9151400458485,94872.05673473739,11.526970294986993,51.507926854173355,-0.12880364593648524
8.897795591182364,-15.809314310858,21.43949279911519,-37.58120146153074,531.6845877774987,94963.35784115412,11.123620239680559,51.50777491775951,-0.12879522676126964
8.917835671342685,-27.163657024810576,20.648454866504576,-46.60803297981229,529.7347473963013,95003.77376566154,10.396963603952399,51.507857444292746,-0.12881598351740367
8.937875751503006,-19.759375248305957,20.669002057592547,-36.35701028262336,537.5821406613867,94875.4136673752,11.276414408399202,51.50769189885857,-0.12874069899622803
8.957915831663327,-19.854870655542015,20.53866845911416,-40.14348786423307,531.8311460972134,94947.71021835029,11.735176293731287,51.507724771515846,-0.12881090656327332
8.977955911823647,-14.940158821945845,20.032585930313957,-32.34734446573826,527.95293751829,94979.4037886899,11.554123685490673,51.5077178853303,-0.12896934294092977
8.997995991983968,-22.718432928333485,20.923439185227277,-31.339008677435714,537.5386277817461,94857.6690780683,11.71652096218551,51.507721117018015,-0.12878566529865323
9.018036072144287,-17.38936878459452,20.872097563868003,-40.221906639092495,527.3863061297641,94977.6463706,10.721693943660776,51.50780149484754,-0.128876192151129
9.038076152304608,-12.135778489036127,20.364691347792217,-42.78065614021746,528.5241688259064,94990.3974498529,11.44481903093335,51.50760139216068,-0.12892743495078546
9.05811623246493,-18.481855989254537,18.06944903345715,-39.669070596851235,526.3723599153979,94993.86831603304,12.258591730466913,51.50778012455199,-0.12884934289781524
9.07815631262525,-15.69280505880588,19.95692585819161,-39.79094810586248,523.2614779008118,95069.14070459026,11.30426421368156,51.50757490217017,-0.12874177639022222
9.098196392785571,-16.056722871572422,19.731869284271603,-45.62222015227337,525.3978469873999,95016.37234558388,11.699175052073995,51.50775897390557,-0.12884611100617885
9.118236472945892,-19.83815156750307,19.13267698060125,-37.23548132854878,523.1420891417608,95019.15425826723,12.088559113287642,51.507776591284774,-0.12881165221611685
9.138276553106213,-15.207602038927249,17.934466824274054,-35.25624369918208,523.4136629540285,95046.38002130334,11.010779272131755,51.507648136788404,-0.12866402542602073
9.158316633266534,-12.036315153372396,17.40058184125872,-37.18287782134891,520.6166139076978,95071.49218811191,11.494134757163398,51.50759394448433,-0.12879432843203675
9.178356713426853,-16.39232903310255,16.186795457837675,-41.32465859093398,527.9742776470844,95002.91731752997,11.649125589054945,51.50758793939501,-0.1288247938841683
9.198396793587174,-12.673607628188288,14.491733361103492,-39.81042948273578,526.9414168965784,95004.62204133379,12.731517154502614,51.507744306860054,-0.12876580972578072
9.218436873747494,-8.202796616010215,10.804288654360258,-37.036388622205685,533.1116389659953,94950.21531158341,10.941678749434718,51.507556224342885,-0.12889269775853512
9.238476953907815,-14.571446842186578,18.734262714976786,-39.32709243839221,524.774832769775,95030.4457263941,11.254589796525698,51.507725670044664,-0.12879730042945156
9.258517034068136,-19.609364081673398,17.046945153052476,-36.627445612986136,523.0947177756839,95026.5635266544,11.476727094930117,51.50784247648351,-0.1288534205994033
9.278557114228457,-7.785504519452885,14.58838689433383,-30.74063682789152,522.4393276060749,95047.65832029282,12.297498848607182,51.50766852770519,-0.12867416509051324
9.298597194388778,-16.868924008526882,12.956673358128175,-42.34545224697826,527.3158807821897,94973.20126805341,11.48935345473245,51.50754658123864,-0.128708628356785
9.318637274549097,-6.654096977107114,16.0854734676354,-41.987656870554154,517.9759191187986,95121.54623367917,11.74040442235179,51.50766668274014,-0.12897727509713025
9.338677354709418,-12.056225816947123,16.774258449776582,-41.342047293569415,518.2880228421664,95092.8297742307,11.296617705363186,51.507455298372776,-0.12887801590778403
9.358717434869739,-8.73217710227346,13.226133537174539,-41.712019210476626,515.0576511792926,95138.5297109122,10.839381643897912,51.50749355819461,-0.12872271967279528
9.37875751503006,-13.952776022364487,9.898465598344485,-35.87546235190875,527.606527438671,94972.15495359688,11.202549772977765,51.50770104236886,-0.12881207162078454
9.39879759519038,-14.076488356004631,13.243226307314506,-35.28242803810407,524.0842756335945,95015.01682513657,11.764988480825973,51.50753161721906,-0.12886980415279212
9.418837675350701,-6.025763490959295,15.804264170116841,-39.009161047857766,514.8622265780514,95160.04558340483,11.225051545295965,51.50768378639312,-0.12882872635333853
9.438877755511022,-8.874425894580364,8.104603388569394,-42.59980288039762,512.2909247176734,95190.49966285232,11.899277188176601,51.507713001847925,-0.1287254534419712
9.458917835671341,-12.597241377989853,9.89177230402617,-35.25464518550839,520.3926785016075,95092.01350137203,11.358717395470578,51.507725238786335,-0.1287048971289754
9.478957915831662,-6.945453197332149,7.6557004906397905,-40.56766319085974,510.78069448335725,95189.76915778613,11.901724124792189,51.50748884282249,-0.12868711375277966
9.498997995991983,-7.841019249095414,10.587519380433026,-35.66049786833366,516.9226398022103,95109.6281399679,11.961907957260022,51.50755424540291,-0.1289557825494653
9.519038076152304,-3.144800783063106,12.247355743359613,-41.53971463162441,513.0840566807561,95201.33838391532,12.787135889440401,51.50754314832006,-0.12862663022642823
9.539078156312625,-5.54908331220245,10.309813343946491,-41.50258383549912,515.6273889402315,95132.9518207365,11.276684555155372,51.507616045366916,-0.12879921226115978
9.559118236472946,-7.34077449822579,12.615803744355262,-34.92946850007078,510.96733613379223,95160.34250834459,12.30128977905904,51.50747353361297,-0.12861042071519166
9.579158316633267,-14.433295273046543,11.26071487180932,-34.1398070931588,512.6235543404763,95182.067070091,11.6507377678984,51.50761869927536,-0.12876443702368412
9.599198396793588,-1.8423118920883281,10.166306549184295,-41.652832435294584,517.2858834291269,95122.43865006027,11.711215393717083,51.507433958664514,-0.12885416823760204
9.619238476953907,-8.195271719307716,6.082531479109097,-41.46587110811265,518.7345415079457,95093.82538396717,11.627518179260132,51.507675661977004,-0.12877449558982795
9.639278557114228,-4.5487644799896305,12.217679991448641,-34.54762289186425,506.51290083104703,95251.9268253646,12.109532538673868,51.507621172880235,-0.12893984996690486
9.659318637274549,-8.561947542457652,7.9425072353271196,-46.82829936935899,504.5549153514487,95274.72965276877,11.901404611408523,51.5076155448099,-0.1287875614446168
9.67935871743487,-1.9316045916625129,8.584608319500179,-47.784788385837274,514.1053590575663,95151.85096293558,11.8761040089201,51.50756067174224,-0.12868766907740598
9.69939879759519,4.555272002443045,2.0392735778789106,-43.1873027599693,515.9289836319937,95156.15819185498,11.36663565235,51.507469505175884,-0.12876666894962924
9.719438877755511,-4.620226436731778,7.219822497234313,-40.542103184518496,517.3386872613555,95150.71335708121,11.13145212184659,51.50759858316796,-0.12888227463031832
9.739478957915832,-1.9600336269383494,3.1285459826740776,-40.21933340435565,505.92867878604886,95266.74583414002,11.45053622831736,51.50743873643561,-0.12875077311569677
9.759519038076151,-5.542948328221441,6.98030726149276,-38.691430152630055,503.71915543813685,95255.02920681603,10.948559982618796,51.50737046183468,-0.12900410016625835
9.779559118236472,-6.78133869591043,6.472023168530595,-36.87407795679014,504.8377520514008,95260.95743327202,11.695328726499952,51.5074841712365,-0.1289252477178411
9.799599198396793,-3.198289470921226,6.2464871244210745,-35.45261986826329,505.3199072591592,95282.43090649655,11.192122248066784,51.507443642003885,-0.12880879740767193
9.819639278557114,-0.7985753927621948,3.5000747234104024,-42.30176484438265,503.5658788285307,95287.34497367646,11.307899261380875,51.507322237109726,-0.1288548157276774
9.839679358717435,-2.3863929994269726,2.5907818881195164,-34.300999513723326,506.85843004971315,95196.38408298162,11.053393879208746,51.50732404441266,-0.12877016352954704
9.859719438877756,-4.578604322841025,4.674333450628621,-33.16757994650353,500.7845804071142,95334.2025353133,11.274544437726403,51.5075359991597,-0.12862304929035376
9.879759519038076,-3.42547146559363,0.7723289388442391,-37.18558960440954,500.43762605710566,95328.99975466744,12.518382140682213,51.50756723708728,-0.12882557199975742
9.899799599198396,-4.775190557876996,0.5287044704030965,-36.28484665327261,503.08897603922117,95274.15750492034,12.132383298567667,51.507249975437894,-0.12873223084628635
9.919839679358716,-2.1464659815519025,2.9354016432132752,-33.42165204473019,500.0540767224088,95336.23664633789,11.448246064539417,51.50735851983958,-0.1288875739024505
9.939879759519037,-4.517746886856599,-1.1358447840660502,-38.76870526401473,503.5580866402862,95273.64667913986,12.758890941086701,51.50739521288583,-0.12898025960107254
9.959919839679358,-3.1416701757334393,0.6664722605445342,-33.34005943001482,498.42785998635816,95352.64753906727,12.357712990945645,51.507370226039775,-0.12882533693585713
9.97995991983968,6.8810378883777235,2.7833465057038773,-37.790304589555376,494.06427407682804,95436.86116376445,12.81528763167692,51.50737079782196,-0.1287787213942523
10.0,5.790371760876555,-2.633310397305221,-39.29566651504472,500.8987190769804,95314.13508451538,12.037142658153032,51.50750127882862,-0.12875984613326835
